Device Model,Operating System,App Usage Time (min/day),Screen On Time (hours/day),Battery Drain (mAh/day),Number of Apps Installed,Data Usage (MB/day),Age,Gender
Samsung Galaxy S21,Android,419.88660850599535,5.775307899010024,1759.5839397403067,57,1043.3143055832393,58,Female
Xiaomi Mi 11,Android,285.86411756533386,4.55243528750226,1337.7989242872425,36,980.6284776787147,44,Male
Google Pixel 5,Android,140.91984723104017,3.95049904939832,728.8527107300629,35,310.9801151749029,50,Male
iPhone 12,Android,257.574315118394,4.96319292441842,1636.0020760760083,51,859.4923423352104,37,Female
Samsung Galaxy S21,Android,184.03439330838867,4.661987516348457,1351.4390307043313,52,983.6719971935671,50,Male
OnePlus 9,Android,94.0638240526376,1.99024503495358,989.7408082571388,28,543.8546662755862,45,Female
Samsung Galaxy S21,Android,334.76025824865184,6.856981443934466,1676.1944927575428,63,949.3626932862878,22,Male
iPhone 12,Android,551.6582568994453,12.13546066767417,2785.6181829974234,84,1657.907306310343,22,Male
Google Pixel 5,Android,310.38603662742923,8.157605392379532,2129.801769424533,85,1128.5375841691605,47,Female
iPhone 12,iOS,383.4487985325698,6.439268982710791,1822.6656936806214,78,1326.1189694791183,38,Female
OnePlus 9,Android,53.62668945967454,1.287917576416742,408.5502371375262,19,159.57846418240587,25,Male
OnePlus 9,Android,220.81944142745624,5.263514190802674,1599.0589638634126,56,695.5284392733715,51,Male
Samsung Galaxy S21,Android,499.49934081685177,5.884083524883824,2386.470697662112,59,1153.5345635619908,58,Male
Samsung Galaxy S21,Android,197.82896271929468,4.986938786413202,1553.177759631148,45,811.6502189296045,48,Female
Xiaomi Mi 11,iOS,207.55621551165953,4.8863830091553595,1703.0206456704527,43,799.0769521913384,44,Male
Xiaomi Mi 11,Android,510.4539031375152,10.75101651531962,2598.002079405772,94,2158.2225607486594,21,Female
Google Pixel 5,Android,126.3559725955336,3.5468019867023357,669.8456137408162,36,322.5797866803752,23,Female
Google Pixel 5,Android,282.93558787164494,6.161271352520373,1349.148750443031,46,1012.5988577137168,49,Female
Samsung Galaxy S21,iOS,73.0970699914252,1.462348313566154,609.053239474186,18,305.4864886508278,53,Male
OnePlus 9,Android,523.92962631324,8.822432021874267,2848.979344054287,86,2351.34148933413,18,Female
iPhone 12,Android,100.01212147318236,2.5268084260173964,623.0151073905296,41,306.5897087664612,42,Female
OnePlus 9,Android,628.2962649391724,12.277142902071143,2922.2004834344393,66,1613.6689766152135,33,Male
Google Pixel 5,Android,407.8616690206541,6.421228830677192,2271.0692088510555,70,1352.3649978903004,22,Male
OnePlus 9,iOS,309.55852650231526,5.3431128033531365,1298.9407815126535,48,1005.419440792938,28,Female
OnePlus 9,Android,220.5546628855732,4.384502661437658,1804.263423139367,68,678.3475964752399,22,Male
Samsung Galaxy S21,Android,83.38111525851704,3.4239457031218636,1066.7394644413205,39,479.7189871337455,35,Male
Samsung Galaxy S21,iOS,471.5158132707348,7.686897097215799,2167.7032911843216,73,1001.7727666219696,50,Male
Samsung Galaxy S21,Android,549.5662340754548,10.040446285988844,2459.5103838458162,75,1573.679925453817,52,Female
Google Pixel 5,iOS,415.3679975076923,6.682492629577914,2381.5600615248045,64,1324.2726583828276,30,Male
Google Pixel 5,Android,450.1781801827546,6.683027497417835,1746.352304386241,83,1282.9379125972875,57,Female
Google Pixel 5,Android,268.3703160370496,5.933982669135177,1485.222378015126,40,970.5258399991877,29,Male
OnePlus 9,iOS,195.07409904545113,4.992962512201178,1509.6075339504016,54,1031.3668042258087,49,Female
Samsung Galaxy S21,Android,252.4169607094888,5.054929862284377,1581.4850294636528,56,1002.1888313719536,38,Male
Xiaomi Mi 11,iOS,44.41472647220961,1.9179449093855372,464.9199984481819,14,108.50401714492106,27,Male
OnePlus 9,Android,570.312691013586,9.250094552762391,2541.688061694955,64,1713.1104233863232,25,Female
Xiaomi Mi 11,iOS,33.178594083372076,1.123797332657037,613.1290306264507,18,151.51755800291792,35,Female
Samsung Galaxy S21,Android,123.78106340800096,3.574867927788153,806.1145283791108,28,579.9990008266159,36,Female
Samsung Galaxy S21,Android,526.6209240004217,12.237832568224187,2723.1146562707145,94,2253.612582888094,49,Male
OnePlus 9,iOS,480.56277556835363,6.171846867916597,2385.9915683300437,70,1310.7696637559316,57,Male
Xiaomi Mi 11,Android,426.8262058760152,5.930014114921282,1939.977269438499,66,1182.9674305123858,41,Male
Xiaomi Mi 11,Android,243.7255099219959,4.743554831628558,1565.1720728444943,46,661.2812799509846,47,Male
Samsung Galaxy S21,iOS,611.5981328677701,9.19366352691186,2371.7075959196454,78,2361.0751704585646,32,Male
Xiaomi Mi 11,Android,120.68806383680997,2.198485166087708,721.1662810282128,32,357.2305098603189,45,Male
Samsung Galaxy S21,Android,164.6875538801691,3.4420654504551487,897.42883539152,30,454.04721162178646,20,Female
Xiaomi Mi 11,Android,131.42273472863403,2.446755142212495,808.7155430347848,18,567.7957318051037,20,Male
Samsung Galaxy S21,Android,514.719206171098,11.63577062946004,2262.4507170219526,97,1882.0115253463423,51,Female
OnePlus 9,Android,568.659159239922,9.104699972406713,2323.1992023773973,78,1637.6117621833187,44,Female
Xiaomi Mi 11,Android,133.41698209836935,3.624768829595726,887.7032277815845,23,296.5318126930233,49,Male
Google Pixel 5,Android,633.1984059012244,7.852494528339274,2801.0288910119775,106,2047.9405069878442,29,Female
Samsung Galaxy S21,Android,626.1313802117164,8.09139032445673,2741.831945676576,85,1803.949160345207,44,Male
Xiaomi Mi 11,Android,449.2777631599079,7.527605484868539,2269.1571513667664,67,1381.6356579915655,36,Male
Xiaomi Mi 11,iOS,261.17370559100385,6.3395546560364835,1219.9465104708993,48,823.0924012007365,33,Female
Samsung Galaxy S21,iOS,134.92241874009292,2.4773043059069435,657.706699076178,32,365.97846230754476,44,Male
OnePlus 9,Android,98.75185380151049,2.336494447184658,1158.514997437273,42,404.8507490680194,55,Female
iPhone 12,Android,465.07596225548656,8.887750768945526,2755.261839938166,72,2114.195663946496,44,Male
Xiaomi Mi 11,Android,68.23873364929929,1.613754648506966,424.29610435999103,15,111.15161558825947,47,Female
Xiaomi Mi 11,Android,66.28661995021594,1.0374275501938137,577.7579266689853,10,168.5361349204886,24,Female
Samsung Galaxy S21,iOS,492.4020274423571,8.03727755404306,3037.7244037702408,97,2461.642930142291,31,Male
Xiaomi Mi 11,iOS,438.53554900168774,7.22716390177135,2372.137710792444,68,1215.541237313305,35,Female
Google Pixel 5,Android,333.89347923623683,7.47400576373863,2114.7217143703324,76,1038.475598533175,44,Male
Samsung Galaxy S21,Android,541.6581669092648,13.011831102291339,3018.9051359778186,92,1707.8379313286362,34,Male
Xiaomi Mi 11,iOS,326.28551802655244,6.763784594363714,2140.3562197051897,80,1218.652589545497,36,Female
Samsung Galaxy S21,Android,79.00802187991687,1.890688286579012,499.2006658860124,12,136.7711163463774,31,Male
OnePlus 9,Android,532.765850233625,12.334045020243959,3110.226872691302,72,1639.0580625768782,51,Male
iPhone 12,Android,473.5193623563765,7.402168698941347,2163.66313297051,64,1156.2073610368534,31,Male
OnePlus 9,Android,217.5993475700879,3.7924875916848766,1376.8550234153442,48,838.153593530549,25,Male
OnePlus 9,iOS,248.23142403515584,4.109937453092572,1671.03133661317,53,923.8507200703705,37,Male
Xiaomi Mi 11,Android,121.6858869708915,3.708548391509361,707.7676625318221,31,452.86871334854266,32,Female
iPhone 12,Android,557.5243258250322,9.592692653904487,2980.033422280066,109,1628.4957179155401,43,Male
Xiaomi Mi 11,Android,78.59922371500856,1.7963610083036639,532.7078856837633,18,302.63722272730087,27,Female
Samsung Galaxy S21,iOS,466.38707628798335,7.8165285955047885,1920.6762491781844,60,1090.8170370060304,22,Female
iPhone 12,Android,533.97257977277,8.680836535462884,2732.7598875769354,114,1634.2887007810145,53,Male
OnePlus 9,Android,497.2178091242333,6.8403552812733555,2257.359841942234,73,1065.2402103788368,55,Female
OnePlus 9,Android,30.30643371548082,1.1921265796885079,626.670959773854,9,193.10978141875086,32,Female
iPhone 12,Android,43.83993998973243,2.1819344348405547,431.7448524872715,13,115.1619674569819,50,Female
iPhone 12,Android,251.17621820541572,5.978378900971865,1374.1468169846266,48,997.8575678471695,44,Male
Google Pixel 5,Android,34.02957243733118,1.8685198824052813,521.6322513914391,15,124.90220505104698,20,Female
Samsung Galaxy S21,iOS,173.4673160136419,2.315688885310179,712.4502022526915,31,281.05324693543076,47,Female
iPhone 12,Android,85.30456364936258,1.9497400323696068,343.4548271474486,15,144.72191519028294,50,Female
iPhone 12,iOS,223.06450294022878,5.222866630197372,1183.0373889625669,51,936.9530309668645,35,Female
Samsung Galaxy S21,iOS,556.316302170103,10.525274380870579,2541.804342319405,92,1514.1532960297811,27,Female
iPhone 12,Android,185.6585758794932,2.7192166212419013,1055.1695763011862,21,562.7306836929886,25,Male
Google Pixel 5,Android,361.9244845068894,6.983686879356201,2225.561423340993,88,1218.9259096568676,33,Male
Samsung Galaxy S21,Android,38.26676610983554,1.8724986271695396,338.26955169108356,11,95.79927372456915,32,Male
Samsung Galaxy S21,Android,245.27647900159323,4.5099115830611405,1231.1612075860658,64,632.2565687103629,25,Female
Samsung Galaxy S21,Android,412.0116911670771,7.867055663310934,2114.3681682754905,56,1324.5380021991934,20,Female
Xiaomi Mi 11,iOS,147.92236437210758,2.4507341377289174,1002.8148906319788,27,428.73703889755666,45,Male
Samsung Galaxy S21,Android,32.51790154737889,1.459474690346802,366.71958541773836,11,254.75427964289844,34,Female
Google Pixel 5,Android,141.8459267094583,3.296690378862421,907.6353719025556,34,362.4714408640876,24,Female
Google Pixel 5,Android,277.00620861381935,6.757023116798847,2034.5581456404605,74,1227.5462378828547,40,Female
OnePlus 9,Android,110.54630153610933,2.1010077961672122,980.2246235424176,38,312.07867293149155,44,Male
iPhone 12,Android,290.0890467747723,3.6932688528955087,1595.180013279888,46,746.8715590093443,53,Male
Xiaomi Mi 11,Android,87.46489687517482,1.3361846233030599,543.7417359944681,15,276.6130535284374,22,Male
Google Pixel 5,Android,124.08572916033778,2.355044151933345,1071.550734693032,20,383.6633104371309,32,Female
Xiaomi Mi 11,Android,404.77609294162,6.753733523442727,2343.973866383661,62,1082.2059055977074,43,Male
iPhone 12,Android,357.2739794984869,7.276102621338335,2358.631869191519,67,1534.9710986439607,28,Male
Samsung Galaxy S21,Android,528.2748485079734,8.71255457127568,2831.6759713328133,106,1971.594852403561,26,Male
OnePlus 9,iOS,527.0279020538306,11.808723354189205,2206.304093791039,73,1839.4889605896738,53,Female
Samsung Galaxy S21,Android,58.751823004516034,1.0852143974118968,394.4110846199172,18,267.2553417537917,45,Male
Xiaomi Mi 11,Android,227.49093244208208,5.351115643227581,1585.801138603249,44,811.1988308912495,57,Male
Samsung Galaxy S21,iOS,39.846965307990786,1.1157442375417654,368.02732302904326,17,148.8913239935273,51,Female
Google Pixel 5,Android,198.2082733108013,4.1667100772193475,1277.904416855289,52,687.4621614665056,31,Male
iPhone 12,iOS,180.15964291673305,2.6865078215471394,967.6319238693774,34,603.2227910079532,40,Male
Google Pixel 5,Android,258.1964348915002,4.167985794079032,1826.5203416250383,48,970.9075516536452,38,Male
Google Pixel 5,Android,157.36741111923598,2.6800391104275443,1206.260360418796,26,334.6697967295435,30,Male
Samsung Galaxy S21,Android,70.80109621038027,1.1598727138567073,602.3265811141509,10,275.48525138386367,51,Male
iPhone 12,Android,166.38919133941886,2.502574370599835,630.8334903133493,44,549.8761181646481,54,Male
OnePlus 9,iOS,49.88406529016857,1.3053256110584222,378.02337729785455,15,284.2345672894594,50,Female
OnePlus 9,Android,194.19153494064517,5.392535815385509,1830.3933686411465,53,668.1218534661595,40,Female
Samsung Galaxy S21,iOS,222.33726276208614,5.524877986839301,1524.6333378661468,48,905.0452678717738,30,Female
Xiaomi Mi 11,Android,97.4814640209352,4.059517409603586,724.6022329877627,27,453.3842457471506,45,Male
iPhone 12,Android,516.5698467321527,8.912985836795569,2617.8162301976004,95,2316.5284104255943,22,Female
Google Pixel 5,Android,292.9706238275264,5.3305159920546,1372.5568709880163,38,804.6478664047278,50,Female
Xiaomi Mi 11,Android,124.27451961295654,3.109441803125578,744.2029010207345,33,371.8383972327737,20,Male
Google Pixel 5,Android,427.3839046908341,8.1683315354079,2237.5860198290648,79,1404.1655470149215,42,Male
OnePlus 9,Android,113.70523431480149,2.9564471439441187,695.9793438732493,34,611.4649198996764,25,Male
Samsung Galaxy S21,Android,77.41661796048743,1.1415093923582402,380.79493078412213,10,287.00746651682744,50,Male
OnePlus 9,Android,209.85606956668778,4.969789989716488,1668.3246575235546,49,874.6711391756008,35,Female
Samsung Galaxy S21,iOS,76.90677633487313,1.6872296642319147,631.9035434563532,15,127.96178231531492,46,Female
OnePlus 9,iOS,99.53397125952854,2.8513229941764613,934.043696990209,36,422.00758120077245,54,Female
iPhone 12,Android,377.77502925100765,6.805651109874624,2104.9650629652306,69,1227.2934953772294,45,Male
OnePlus 9,Android,577.792587630325,9.297691843617308,2495.207851963688,103,2108.9528645019577,57,Male
Xiaomi Mi 11,Android,573.5759454430457,10.34605780543544,2453.369448654929,89,2210.8773888269275,53,Female
iPhone 12,Android,556.4193113978529,8.905542127635124,2796.3000912375687,93,2034.2427798695453,25,Male
Google Pixel 5,Android,216.45954476877,5.533123056113697,1801.0686523833544,62,674.4505839309786,37,Male
Google Pixel 5,Android,482.0280435381151,12.50929214458802,3126.6609236305653,92,2380.5785087689883,21,Female
Samsung Galaxy S21,Android,338.09268263638035,7.816450969014837,2356.235114864981,67,1261.8714315476398,38,Male
iPhone 12,Android,258.60865030476225,3.817353553503035,1297.900703635819,40,618.7157520990111,31,Male
OnePlus 9,iOS,125.54928562923872,2.447377356795579,647.3535855246513,28,453.2909173057059,32,Female
Xiaomi Mi 11,Android,95.23748974042907,3.5432148501212084,774.6221423323183,42,382.6372521772534,58,Male
Xiaomi Mi 11,Android,554.8494214465292,11.22955045658632,2734.1851699327744,87,1903.0762101834193,54,Female
Samsung Galaxy S21,Android,327.4047846531389,7.6992248307032245,2152.42164097579,74,1156.6123865492934,41,Male
Samsung Galaxy S21,Android,169.21947859249372,3.677454652241301,1274.1719027099687,35,493.1705524382479,41,Female
Xiaomi Mi 11,Android,85.13085043935587,1.0306030553712926,322.92838294982784,14,147.521097384381,23,Male
Xiaomi Mi 11,Android,81.76541549766664,1.5233308155873706,280.9440880026246,18,272.83695711648926,24,Male
Samsung Galaxy S21,Android,603.7155249353107,10.618119913927744,2622.966588616163,104,1878.9837048843215,18,Male
OnePlus 9,Android,69.99167091721914,1.6239015803306025,377.6448288043353,13,195.52275878861414,21,Female
iPhone 12,iOS,233.88430600986212,4.085582382172117,1378.9347510877124,42,819.5620550710795,31,Male
OnePlus 9,Android,450.87747438865404,8.772842604294816,2668.8482297589476,76,2241.566218603824,21,Male
Samsung Galaxy S21,Android,519.7109707804797,10.071848788295112,2227.211504794022,99,1802.4164048311452,21,Female
Samsung Galaxy S21,Android,199.45064347418506,4.846138728528033,1463.050504621467,39,697.0040821212335,22,Male
Samsung Galaxy S21,iOS,450.78255422758457,6.0743233518236215,1961.7359948825488,59,1292.3171165891515,38,Male
Samsung Galaxy S21,Android,144.76456203719877,2.116851608210702,958.1270674786546,40,424.5993416631314,32,Female
Xiaomi Mi 11,Android,66.9649090846955,1.1555365095989716,508.9764093100674,14,182.74157362271583,35,Female
OnePlus 9,Android,544.9543037523961,10.628841501909504,2426.0009207749154,82,1879.2232795161976,47,Male
OnePlus 9,Android,190.8529747132383,5.126087841125524,1319.5232530111834,53,904.6988157331051,22,Male
OnePlus 9,Android,465.9835019042575,7.70046074493831,2469.194873701645,77,1102.3094549209584,43,Female
Samsung Galaxy S21,Android,49.21738876347343,1.654539025687521,369.7930791739709,16,243.36083385146281,32,Female
Xiaomi Mi 11,iOS,229.5377067501535,3.9285388574988813,1696.1250792115395,53,771.956068505904,47,Male
Samsung Galaxy S21,iOS,149.82936467166851,3.5345582983416155,818.3939758771284,37,489.4734475294205,29,Female
OnePlus 9,iOS,484.01837849465346,9.348462431753447,2744.9269183786096,79,1621.3221538766923,31,Female
OnePlus 9,Android,39.1215485350092,1.4430250542416752,291.41298570660683,17,217.83392200561204,29,Male
Google Pixel 5,Android,119.91650476130458,2.1063714573307757,750.2254669406066,31,403.36414584481446,36,Male
iPhone 12,Android,348.3528773679536,7.2412595948773815,2391.449522030924,84,1093.7669542909484,56,Male
iPhone 12,Android,69.27338078987678,1.4442205189201331,396.8883218151734,10,107.35413681328048,34,Male
Xiaomi Mi 11,Android,162.87489104049033,3.714683694653281,921.4522378584913,38,490.0371464347345,56,Female
Google Pixel 5,Android,93.42366152108865,1.6575404521135073,404.8973462597155,17,146.02108217175055,52,Male
iPhone 12,iOS,355.4842936295599,8.293296449958943,2303.3571243840156,57,1139.3251677672708,32,Female
iPhone 12,Android,333.8020445393029,6.774622699152398,2315.5499412599083,82,1438.3888288548503,39,Female
iPhone 12,Android,123.64904430189176,2.435287661310469,838.8442288668192,22,314.5435629108798,28,Male
Google Pixel 5,Android,61.348891223568174,1.6908458736698593,512.608259989043,17,269.5807555464826,48,Female
iPhone 12,Android,54.11943563870366,2.071537903599065,547.245365544466,16,110.18439582135065,51,Male
Google Pixel 5,Android,438.4569949506505,8.016831459059015,1910.8965719758091,73,1414.6086977378304,18,Male
Samsung Galaxy S21,iOS,34.854997230331044,1.8388420181028824,486.2334150132299,14,150.58239902091648,54,Male
iPhone 12,Android,274.90685978620644,5.161254804531394,1343.7574630234399,45,896.2174375432994,27,Female
iPhone 12,Android,501.40167541725236,8.48554448645799,2733.2899479939547,105,1528.4993521839592,32,Male
OnePlus 9,Android,638.5522559991684,11.819270813695288,3063.471072856815,101,2536.72522601345,39,Male
OnePlus 9,iOS,35.80902821640188,1.443920885276837,424.7673437268812,9,163.0735868465053,56,Male
Google Pixel 5,Android,242.3304332312239,5.295921975235447,1244.650005357402,46,773.5735037967495,52,Male
iPhone 12,iOS,598.0610112279281,11.740744730449546,2500.411115170456,85,1984.32548643081,28,Male
OnePlus 9,Android,86.86036482084789,3.695251653019903,1114.6854046899477,24,483.4365648448156,35,Male
Xiaomi Mi 11,iOS,49.886032996072736,1.0912573274894797,453.37984874586334,16,204.8608454208725,39,Female
Google Pixel 5,Android,148.89961538587698,2.822496712164648,955.5714092617254,24,524.3319124255686,23,Female
OnePlus 9,iOS,382.14437021856025,6.777411997130156,1732.3924709746182,79,1376.0690282446346,58,Female
iPhone 12,Android,50.23341371283647,1.6342813614178848,552.763892001973,10,119.7923820233223,22,Male
Xiaomi Mi 11,Android,273.0780180199123,5.61625649261281,1666.4002896607715,48,581.2052562163873,34,Male
iPhone 12,iOS,256.0387905448731,5.106050657443952,1767.6504656880725,47,836.1893534787239,29,Male
Xiaomi Mi 11,iOS,186.49168799303706,5.299232344436859,1610.8450939590732,47,925.23123751205,53,Male
Xiaomi Mi 11,Android,201.2727488907857,6.069367343264661,1610.681286428505,42,734.1064329333218,45,Female
OnePlus 9,Android,530.1870109692348,11.459531525015537,2966.5040307091167,88,2196.5095642128913,26,Female
iPhone 12,iOS,147.14928741660736,2.547220865584103,1027.9414670988867,33,533.1549390865841,58,Female
Xiaomi Mi 11,iOS,484.8722014514634,6.969273159182754,2148.2726063082428,80,974.421114238117,50,Male
Xiaomi Mi 11,Android,544.0645116439568,9.319661293672748,3013.068545630406,98,2317.940383040082,29,Female
iPhone 12,iOS,68.45394638947616,1.310060795224057,329.7811631306615,12,298.9607760516405,40,Male
Xiaomi Mi 11,Android,580.3033892777773,9.725790785509611,2718.8860042189717,78,1630.6452366696415,31,Female
Google Pixel 5,Android,535.0222256496177,10.00193380077502,2781.0436871540915,81,2145.8971648810693,43,Male
iPhone 12,Android,418.49686365508853,8.302599994659523,2105.436336247881,66,995.9897993874754,27,Male
iPhone 12,Android,80.19515964277822,1.1241479059211128,396.0498401505687,16,176.75813065085796,35,Male
Google Pixel 5,Android,117.41223403169536,1.9990699347941225,553.2744895314443,17,557.1555801597075,25,Female
iPhone 12,iOS,40.3270072247043,1.0236842008291083,395.5032463811201,8,274.7977149296866,31,Male
Samsung Galaxy S21,Android,137.70168140094546,2.196771508769445,963.244354257939,21,449.01298903962805,25,Male
iPhone 12,iOS,85.82520389264239,1.7790945808138576,509.48398235862976,12,158.45930569745292,43,Female
Xiaomi Mi 11,iOS,464.01822814234305,7.2913223104902904,1678.868267758596,56,1196.6195147764304,53,Female
iPhone 12,Android,245.85627003929878,4.336301625912821,1371.9807062012342,55,1092.01767872429,50,Female
Google Pixel 5,Android,461.2421290782658,6.122800791459125,2220.3661834642967,87,1270.4279904288412,43,Male
iPhone 12,iOS,187.32677782056285,4.460355523348195,1489.6769411142284,40,606.1844365540385,48,Female
Google Pixel 5,Android,197.69774800129758,4.10887399241976,1489.177931689814,45,929.55354637465,58,Male
OnePlus 9,iOS,157.63907114128895,3.7525950392658753,1047.3443089928435,38,330.1780650125625,21,Male
Google Pixel 5,Android,87.5670779235486,1.7053968652526823,601.512653575296,15,215.54368266665892,52,Female
Samsung Galaxy S21,Android,131.65830950685245,2.7964615192797377,1011.7204550356441,38,469.0585516069788,23,Male
iPhone 12,Android,518.2490610646553,8.237722884404286,3109.5544527977,87,2048.8060445916008,49,Male
Samsung Galaxy S21,Android,121.7233091477169,3.917976586845512,1117.3216664464696,36,283.40123131134357,48,Female
iPhone 12,Android,90.43983931017623,1.2570833408137136,296.2305010614674,11,277.0769798473063,46,Female
Xiaomi Mi 11,Android,65.0223071085028,1.5797266078823977,452.44178729505364,16,132.4829922585783,52,Male
Xiaomi Mi 11,iOS,95.56046787143211,3.0759515466858303,1053.6386128371946,22,389.82926386862783,27,Male
Xiaomi Mi 11,iOS,328.8615712946782,6.347242610615475,2266.5455588944274,77,1323.8320157838934,40,Female
Samsung Galaxy S21,Android,78.18912930297182,1.656919763869333,478.2402789680751,13,202.32352310813116,44,Male
Xiaomi Mi 11,Android,178.91484756221934,2.979208583401445,661.783506648195,17,428.03307876450884,56,Male
Xiaomi Mi 11,Android,543.3092269562014,9.521507078807895,2348.6560376758935,108,2051.9948644385413,36,Male
OnePlus 9,Android,280.50969323279156,4.630126268604213,1261.350037854963,39,775.2675491058753,34,Male
Samsung Galaxy S21,Android,418.49980306711484,5.529779871963468,2141.5540929789513,63,1302.34955607133,51,Male
OnePlus 9,Android,453.85525906259033,10.130831091986,2497.1237359517722,69,1935.1685159125168,31,Male
Google Pixel 5,iOS,122.9139249692509,3.255100510069317,740.1788596410667,31,408.4570507616297,27,Male
Samsung Galaxy S21,Android,39.57105820248092,1.088027771049371,593.7602525446273,9,264.9934451750918,24,Male
Xiaomi Mi 11,Android,165.9725450322043,3.6179873623290324,1091.6066085646173,31,484.4313023465009,30,Female
Samsung Galaxy S21,Android,504.4218167063652,8.298064405499424,2676.1377073275075,105,2517.0398907382887,40,Male
Xiaomi Mi 11,Android,394.66775863803457,7.458998627924153,2076.3130273149036,86,1525.5937182000482,21,Female
OnePlus 9,Android,544.5456311458529,8.59152645670169,3004.484432372806,112,1435.3183077884503,25,Female
Xiaomi Mi 11,iOS,542.1017317193096,9.292355856631634,2728.175760324483,80,1715.2259765860435,37,Male
Samsung Galaxy S21,Android,94.93181906162812,3.3011052138264407,575.2839164511611,24,415.3407777381065,37,Female
OnePlus 9,iOS,454.133252087364,6.839331609010019,2190.2903766038658,64,1280.9143331284504,22,Male
OnePlus 9,Android,141.67600587858198,2.0296715166267054,1099.3557996850645,28,381.5117235130688,53,Female
Xiaomi Mi 11,Android,364.3237983072504,5.770692198628971,2084.2144139829707,63,1402.3662190408265,35,Female
OnePlus 9,Android,500.20962593512223,10.115636329854523,2506.20020271071,68,2094.844841624241,47,Female
iPhone 12,iOS,92.50460122584109,2.4666095098724474,635.9068951585627,28,509.6807797014606,34,Male
Google Pixel 5,Android,528.6035671522815,10.644403886621326,2893.077842497831,79,2597.0123558407518,47,Male
iPhone 12,Android,384.8034996602695,6.6847553595120095,2044.93658197438,84,1336.5718848429801,42,Male
OnePlus 9,Android,177.08162941396785,5.269805276941741,1189.644904158773,52,648.1543880531751,43,Male
iPhone 12,Android,125.30961498494312,3.8850432287498227,625.3005479923225,26,392.6988219425008,40,Male
iPhone 12,iOS,331.99752129423484,7.9270529571702255,2113.548251836766,67,1199.2708491762642,42,Male
Samsung Galaxy S21,Android,170.82158725330592,2.178150533999357,1178.3734537981995,32,528.2586514693397,22,Male
Xiaomi Mi 11,Android,492.05897299109154,9.280490196990945,3077.7266152865204,103,2131.5803195983945,22,Female
Samsung Galaxy S21,Android,496.71531992876555,9.153351149562855,2984.4592493488503,82,1870.6440956505744,54,Female
Xiaomi Mi 11,Android,116.2681180784541,3.0908499066409365,1111.1450233672924,27,631.8524701826841,20,Male
Google Pixel 5,Android,123.45990791087655,3.8822564894855214,582.3746647760989,31,532.4134835176208,23,Male
iPhone 12,Android,38.48024460158967,1.448394328969306,351.193574294087,16,306.291753079734,37,Female
iPhone 12,Android,566.649065054211,9.278022806730581,2719.946724794691,102,1784.6202833876987,20,Female
OnePlus 9,iOS,430.7126834010586,7.215031283503222,2266.1091794940935,67,1095.9061878655925,21,Female
Google Pixel 5,Android,70.01334968247548,1.7547237632379757,542.0024755778763,13,102.18636283600101,49,Male
Google Pixel 5,iOS,572.118749624902,11.533451209117306,2633.773651238953,93,2301.598082481413,51,Female
Samsung Galaxy S21,Android,48.15272022969403,1.7776616175653959,326.9300119962618,13,190.4605736520759,55,Male
Google Pixel 5,Android,531.861277962136,10.92564341755563,2987.9691887512213,79,2036.314649138284,25,Female
Google Pixel 5,iOS,164.84819342856892,3.1997644706847286,787.5449059066924,34,315.6795462262175,59,Male
Google Pixel 5,Android,486.1909455787414,6.160528721542354,2349.4383825712735,81,1368.0940322315705,19,Male
Google Pixel 5,Android,30.23063901875704,1.2559386582734486,502.1926896981306,13,253.47060977129917,42,Female
Google Pixel 5,Android,184.04224767308867,4.877335221984308,1568.0946826956872,39,785.9213318557448,50,Male
Samsung Galaxy S21,Android,64.61608682769246,1.3662679204212664,629.0654551447817,16,261.3492432333011,37,Female
Google Pixel 5,Android,328.73217620397446,6.432701991707576,2395.8370108372583,63,1147.0420024739747,58,Female
Xiaomi Mi 11,iOS,182.08915428751462,4.3755887382176155,897.2609919606055,19,564.997142459996,27,Female
OnePlus 9,Android,72.12594198534728,1.9644265158376364,580.7713713601016,10,210.1707680201985,35,Female
Google Pixel 5,Android,44.45672388972978,1.2611483965142738,355.5632169441279,13,292.35391231835035,22,Female
OnePlus 9,Android,407.66036986349695,7.8705284335481664,2220.482647960937,89,1597.5314556947337,31,Male
Google Pixel 5,iOS,497.4354985979373,10.786968556832235,2236.867901069533,87,1655.3864703315567,22,Female
iPhone 12,Android,98.59946321865655,2.2670476177751944,898.2991352999267,33,521.5941210177181,32,Male
Xiaomi Mi 11,Android,56.37452796211484,1.2105097311192343,411.57994309363386,12,180.51480031985798,49,Male
Xiaomi Mi 11,Android,434.1508164671394,6.904191642651199,2290.650146925733,67,1196.5171633655816,57,Female
iPhone 12,Android,463.2951789863812,7.057961133083122,1965.9599284487515,52,1172.1011528229799,27,Male
Google Pixel 5,Android,292.4495982800808,5.358860022706001,1613.0773242133591,41,663.5261037662068,48,Male
iPhone 12,Android,203.15049823018043,3.9246490494430137,1758.0802668493127,54,941.5171027206234,40,Female
Google Pixel 5,Android,543.8301552137975,9.784610766469633,2514.002674147974,81,2634.6208889484287,56,Female
iPhone 12,Android,60.17944567239085,1.207626467585751,535.2455774683752,12,139.4484567467094,41,Male
Xiaomi Mi 11,iOS,362.75229985312916,6.210898938710323,2394.586917978748,63,1251.6985587399638,41,Female
Samsung Galaxy S21,iOS,475.6525609073801,10.005981072497466,2753.7031283943347,103,2266.693839519642,39,Male
iPhone 12,Android,72.97965274946026,1.605132320981613,363.1609135774828,9,104.45039202614814,28,Female
Xiaomi Mi 11,Android,349.37761845052637,7.260821571461221,1859.711513216772,62,1176.9132987292967,36,Male
Samsung Galaxy S21,Android,552.7418482030001,8.961889293701962,2706.969225301297,97,1617.1210815256109,35,Female
Google Pixel 5,iOS,163.0039436690088,4.1329484526453655,1590.7559871759431,38,786.260082375513,40,Male
iPhone 12,Android,576.4087540129332,9.847616309449977,2696.4302467622665,80,2284.467738279549,20,Female
Google Pixel 5,iOS,187.52232692167053,4.399339860586119,1749.515293598414,38,945.3062473815446,47,Female
Samsung Galaxy S21,Android,379.9073841659089,7.150654321585624,2033.6972181591766,73,1431.8487591476694,19,Male
Xiaomi Mi 11,iOS,440.4375135767072,6.115672482946737,2002.0662511627793,74,1273.2048903856353,58,Male
OnePlus 9,Android,308.2761750773802,4.48194943550056,1410.8635070158007,58,837.5451425302397,42,Female
OnePlus 9,iOS,104.80585663241874,2.3330854778515593,914.5290025955163,24,479.452065164082,24,Male
OnePlus 9,Android,175.17543661501736,2.097054037200732,1087.7095971011715,38,574.5064793855445,31,Male
iPhone 12,Android,113.70709995554074,2.3517129557279963,681.9899547074359,34,621.0518977752823,31,Male
iPhone 12,Android,548.8613694250458,11.270081754488324,2617.6631908989875,76,1777.6178829906626,37,Male
OnePlus 9,Android,245.06939151053962,5.562091165909672,1627.1751912182058,39,620.3476933442064,21,Male
Xiaomi Mi 11,Android,237.11629791003526,4.494748138057918,1674.649981775619,55,809.5330011773589,22,Male
Xiaomi Mi 11,Android,88.0714925927795,1.614392073904227,442.9850213185568,10,127.16967014797257,55,Female
iPhone 12,Android,387.6802577695916,8.224569453712329,2190.247503410729,67,1198.700993715037,39,Male
OnePlus 9,Android,71.05210233864103,1.779454161465642,417.7315259710087,12,164.50631109443617,27,Male
Google Pixel 5,Android,40.15759205350974,1.5440685842959165,511.0515492109442,9,260.503376996361,53,Male
iPhone 12,Android,411.3146311733718,7.521453598899395,2272.184020906245,76,1296.599323928629,53,Female
Xiaomi Mi 11,Android,49.24816175662865,1.2554834949276719,533.8527787781461,15,154.98127094426252,19,Male
Google Pixel 5,Android,392.9501140360679,7.319506900425641,1643.698740277295,74,1066.1059815237434,22,Female
Xiaomi Mi 11,Android,490.63499463584355,9.892838560132567,2688.393069164095,91,1576.6909898236368,42,Female
Google Pixel 5,iOS,338.8917301773974,7.892777939362526,1955.3258366571754,70,1304.4090903061724,40,Male
Google Pixel 5,Android,194.2813912004784,3.711136880643757,1392.5074999412316,48,731.9603264854964,32,Male
iPhone 12,Android,119.38968403343117,3.884942434710863,565.0895266987799,29,469.2803092024448,51,Male
OnePlus 9,Android,92.30322081559584,1.2160966851333528,419.60455762154965,11,140.28048972095345,32,Male
Google Pixel 5,iOS,489.93561428286455,7.975743463913568,1990.3552845834422,71,1109.074432094877,54,Male
iPhone 12,Android,59.03616895003506,1.4560557213051508,359.0550539590183,16,142.19004521264424,25,Female
Google Pixel 5,Android,53.947607084675525,1.9465810660947604,519.6544924406899,10,206.88795977968329,37,Female
iPhone 12,Android,224.37982931925288,4.731409590347128,1725.7544797881103,46,612.4840136792033,31,Female
OnePlus 9,iOS,545.3274308011593,7.664028008981944,2792.1320864059394,72,1941.797141110044,58,Male
OnePlus 9,Android,66.34347382503829,1.6510601988894862,440.32259730029176,18,119.97366525505446,55,Female
iPhone 12,Android,466.5724101843371,6.870160015844801,2427.887466874818,67,1240.6331275578984,20,Male
Samsung Galaxy S21,Android,158.20803740204124,2.956984485001915,820.0258794588535,25,356.946280260153,43,Female
Google Pixel 5,Android,280.4898119858475,4.98459420054164,1622.637632790848,51,763.8041359936828,45,Male
iPhone 12,iOS,118.97226924224219,3.6282359591897215,738.4938461512651,35,472.7153014699461,30,Male
Google Pixel 5,Android,438.756144799113,6.185341882179901,2253.57940160077,72,1374.5629779246028,33,Female
iPhone 12,Android,253.77170817861366,4.829498613496307,1438.4890445912447,50,1017.748140838324,26,Female
Google Pixel 5,Android,510.48213710209365,6.041744137645258,2348.3683973094276,63,1089.707711894435,33,Male
Xiaomi Mi 11,Android,552.0047088984603,12.523598066061048,2347.765219935364,104,1956.2955206139975,51,Female
Xiaomi Mi 11,Android,158.55511170097688,2.752495709047081,1079.789457280732,20,297.50724963398034,31,Male
iPhone 12,Android,105.04464849416198,2.588301003991763,683.5882757755928,26,569.8297945155284,37,Male
iPhone 12,Android,259.0876482063504,5.482077117674784,1181.4174346364077,54,929.4794249266113,43,Female
Google Pixel 5,Android,402.76016857173653,7.567341628857386,2284.9473004509982,59,1235.676665676922,43,Female
OnePlus 9,Android,262.0023196784099,5.04304929821669,1266.2420360831031,50,722.682674975257,37,Female
Google Pixel 5,iOS,368.168369986152,6.45229476164889,1926.381442149472,72,1093.5133989928931,24,Female
iPhone 12,Android,249.32429747517216,4.545242666563282,1556.9405125507913,52,853.9484801026141,59,Female
Google Pixel 5,Android,316.22920184699507,6.974128221338224,2605.2766653676376,81,1145.9217031615963,47,Female
Samsung Galaxy S21,Android,127.14679195463285,2.749619444657909,978.5018548010473,31,584.1608869734475,35,Male
Xiaomi Mi 11,Android,126.4878708979733,3.1600297606714323,872.6120660123916,24,297.87844877627884,20,Female
iPhone 12,Android,278.09014979573357,5.38931274448943,1558.616774837492,68,693.5970372393614,55,Female
Samsung Galaxy S21,Android,66.64545854898019,1.8233089586675475,322.95270814834066,12,93.38516778451012,24,Male
Xiaomi Mi 11,Android,279.93153807949847,4.604215722521384,1581.9764339508974,36,1025.597301912043,40,Male
Samsung Galaxy S21,iOS,124.97070357594755,2.2774066462837093,896.3832555268995,26,464.97435497245203,57,Male
OnePlus 9,Android,407.6725507040399,7.016972588726354,2204.9545339301894,69,1181.7416514408678,46,Male
Google Pixel 5,iOS,470.9795075894182,11.814470293318124,2796.7287677943455,96,2679.12170531232,43,Male
Xiaomi Mi 11,Android,213.34656182865618,3.9803158403193293,1362.2904251673629,58,899.7946203471394,43,Female
Xiaomi Mi 11,Android,255.65383608845949,6.13227304982567,1391.4152082276294,59,652.7066554314716,56,Female
Xiaomi Mi 11,Android,331.41385915660277,6.199577943966907,1957.3575243718265,67,1325.8962972744273,54,Male
iPhone 12,Android,83.36189955803488,1.3507840019374378,489.08332430524837,12,170.0565810012977,21,Male
Xiaomi Mi 11,Android,425.5529806212669,8.21049708008505,1896.9496236242628,69,1095.0538825311532,54,Male
iPhone 12,Android,196.56551603808842,3.8867241276875175,1474.3874756258535,44,578.1452461060354,27,Male
OnePlus 9,Android,193.5103379856878,5.8476524742687666,1789.4406356825893,55,855.8391875175378,34,Female
Xiaomi Mi 11,iOS,43.924793770238,1.9020222611595146,556.8873718410903,19,115.12499525778937,43,Male
Xiaomi Mi 11,Android,87.28672061075643,1.4403061113277065,447.58909943384043,11,288.62977909664346,28,Male
OnePlus 9,Android,499.779897926448,7.5355286733978835,2613.4336110022577,102,1942.7779379890314,22,Male
Samsung Galaxy S21,Android,218.21739907701598,4.856196160053467,1540.1823071225622,48,805.4723980517209,18,Male
OnePlus 9,Android,184.62501761704493,3.9125512706836543,716.8271915627002,36,378.44556745312707,32,Male
Google Pixel 5,Android,187.0266367342089,6.0095349312251845,1682.904417398871,44,816.1479337443179,39,Female
OnePlus 9,Android,430.54438768760815,8.202557965965834,2161.136217894679,60,1372.0489646992849,59,Male
Samsung Galaxy S21,Android,37.92180201199765,1.4963692286938362,407.19132951441753,19,247.9535464034825,46,Female
OnePlus 9,Android,543.4932302811417,10.56048086408161,2992.6283853504033,81,1479.2915725461248,51,Male
Xiaomi Mi 11,Android,436.0927122493995,7.219520989456745,2218.0221051615586,51,1509.0631418657508,51,Male
Google Pixel 5,Android,27.456180085248832,1.3537780937537554,604.9776867284189,12,238.52968884643226,25,Male
Xiaomi Mi 11,Android,314.9721395010435,6.204780849220532,2232.0851106859113,77,1388.1671696065448,39,Female
Samsung Galaxy S21,Android,58.072888985316226,1.2647853564786729,550.7493929755086,13,142.81234308425417,58,Male
Google Pixel 5,iOS,75.82266617429237,1.0532515746667144,431.12397522434554,14,211.10333612290836,27,Female
iPhone 12,Android,569.0404424452901,9.79778602411259,2880.02318263051,89,1855.7184851593356,30,Male
OnePlus 9,Android,513.7955136922625,9.754323587688313,3125.187128111405,83,1616.0440567375706,25,Female
iPhone 12,iOS,309.07164485655903,5.877984359827215,1681.542553029182,62,593.9492335654749,53,Male
OnePlus 9,iOS,243.2968747561594,6.304360824116211,1333.3801489654204,59,786.9568406353179,26,Male
iPhone 12,Android,331.37829051073646,7.362239013446204,2067.737526115057,71,1571.4093234271284,42,Male
iPhone 12,Android,142.41491630534338,3.437136713913706,1043.8057265459322,42,457.34797001082774,55,Male
OnePlus 9,Android,60.919169471379504,1.5144780235543411,577.3218946387066,20,259.77741614334354,41,Male
Xiaomi Mi 11,Android,146.86370658228378,3.9195372473341696,838.5651826603341,29,544.4146853786399,58,Female
iPhone 12,Android,296.6054507773526,7.765907650977312,2233.047295727913,74,1394.2165265686306,51,Female
Google Pixel 5,Android,465.3795363011551,7.48192857895879,2253.518700322442,74,1369.3781768904448,22,Female
iPhone 12,Android,59.30936444179219,1.5814430397935775,553.884002336849,12,290.15074211638847,44,Female
Samsung Galaxy S21,iOS,220.65542390685073,4.598873474016904,1285.0337055290902,52,925.4266321494725,22,Female
Xiaomi Mi 11,Android,367.4414226954979,7.416519402454515,1731.8518830184316,80,1152.2096972071076,52,Male
Samsung Galaxy S21,Android,57.376876874209046,1.5238072583769964,450.83839536221393,16,114.05230937577942,41,Female
iPhone 12,Android,29.358046174344643,1.834224643935065,555.4815822078675,19,282.6295345379593,50,Male
Samsung Galaxy S21,Android,264.0246185059646,4.166837183476691,1277.7237589551007,54,947.4276951856128,47,Male
iPhone 12,Android,478.788452289576,9.655979393518887,2736.9026671121096,94,1977.3898575810447,58,Male
Xiaomi Mi 11,Android,78.86410330889314,1.9812390582538706,365.4176436786138,13,260.22253459099556,40,Male
OnePlus 9,Android,244.36679060746786,4.784379854071459,1316.0570488063197,53,870.5337916834787,40,Male
iPhone 12,Android,490.77242003286347,12.014385316457329,2268.181417573084,90,2391.065558232934,44,Female
OnePlus 9,Android,595.1422561269749,9.863752723179955,2885.037000236704,80,1517.0690590997494,49,Male
OnePlus 9,iOS,70.30488916418912,1.4583027444306236,312.2378578412247,12,238.90926265013283,18,Male
Samsung Galaxy S21,Android,301.68735157621325,8.28289448716773,2161.882338914985,63,1350.3880065779613,24,Male
Xiaomi Mi 11,Android,610.9378487923891,8.68348494517622,2660.8509183976926,87,1806.7403623868781,27,Female
Samsung Galaxy S21,Android,398.2604248638721,7.380660507907624,2093.8729101037898,71,1384.172155468302,27,Female
iPhone 12,Android,525.0281373835087,11.437723948660864,2283.857616656227,73,1879.292486190698,36,Female
Xiaomi Mi 11,Android,653.1708555547701,10.553996841314932,2598.8472531318134,99,2590.267700531286,22,Male
OnePlus 9,Android,101.09854989328133,3.7120782287986085,725.0346395903229,36,376.4003275016931,55,Female
iPhone 12,iOS,175.42258059907087,2.456325174940259,787.0357754368142,29,512.5990282116593,40,Female
Xiaomi Mi 11,Android,607.2735930496068,8.97936093102857,2885.3838798348183,81,1464.2382010432802,23,Female
iPhone 12,iOS,541.5535633651416,11.495181604230748,2441.710037061055,72,1848.965013001086,42,Female
OnePlus 9,Android,551.723353098362,11.85610211589202,2388.211126337202,98,2145.151706843031,50,Male
Samsung Galaxy S21,Android,554.1627208881856,11.008880859099278,2653.221140267059,78,1551.599672080918,44,Male
iPhone 12,Android,73.39913903362067,1.286725728404535,455.06297457446567,10,171.69313341355752,25,Female
Xiaomi Mi 11,Android,40.75979219109114,1.1394901177778314,487.8663179207889,17,220.46558987379302,57,Male
iPhone 12,iOS,67.07418167320354,1.716364003924641,466.0605709014757,15,128.96977857113487,29,Female
Google Pixel 5,Android,464.6475767300373,6.4979114990685165,1807.044163574115,66,1063.4691584498087,43,Female
Samsung Galaxy S21,Android,488.37759022166176,9.896682201971943,2294.850880692804,85,1593.713082349801,55,Male
Google Pixel 5,Android,106.40990491310822,3.276443422199306,947.136683317309,25,313.0677448917417,53,Male
OnePlus 9,Android,196.37983380355135,4.4044112934940305,1925.7792806461496,49,701.8635873792098,32,Male
Xiaomi Mi 11,Android,517.1228008416753,10.823675665123904,2521.917001216466,109,1770.5523568736367,47,Male
OnePlus 9,Android,89.67384369640014,1.5482042269096583,388.72473588750063,18,325.1905594915975,29,Female
Samsung Galaxy S21,Android,98.98332473033602,2.7437508759638063,662.4827616270053,41,332.16936510385625,46,Male
iPhone 12,Android,95.63463255613557,2.978705853068414,825.627167771347,43,544.0125850864929,55,Male
iPhone 12,Android,347.8146047385189,6.131270070499363,2063.782211142468,65,1199.6606373178859,50,Female
Xiaomi Mi 11,Android,98.65697265672988,1.868512023999588,959.2557270690526,29,496.2116453028193,49,Male
Xiaomi Mi 11,Android,73.77599794929988,1.4007689087171182,474.97869547469134,15,216.03538894508512,33,Female
Xiaomi Mi 11,Android,573.8519039740155,10.626594799701977,2937.037929253047,73,2238.3692796921937,52,Male
OnePlus 9,Android,122.6436640955561,2.918369692012735,798.7905740710783,27,336.5486583161782,27,Female
Xiaomi Mi 11,Android,288.9115447357565,8.160490084200239,2162.3749322092576,82,1063.3414535284016,36,Male
OnePlus 9,Android,369.57483037235176,6.329256081347861,2003.401337501911,83,1306.676639943037,50,Male
OnePlus 9,Android,159.13429467501672,3.8376814387618103,1158.1259344942052,29,324.03054701357973,24,Female
Samsung Galaxy S21,Android,297.9218538848649,8.00208369788919,2108.9430217841073,67,1568.6349401085379,40,Female
Google Pixel 5,iOS,599.7422378006212,9.744759522616828,2676.2164943107755,86,1934.2057877374937,23,Male
Samsung Galaxy S21,Android,470.8226438610048,7.2908999150762925,2508.4462123919798,50,1442.5948679541088,25,Female
Xiaomi Mi 11,iOS,77.18616260889296,1.1048241582829184,439.39900549822113,12,130.70207564593048,35,Female
OnePlus 9,Android,476.7843721146045,12.308940108520334,2936.7798851078223,106,2364.5418014843026,56,Female
Samsung Galaxy S21,Android,37.122547907303,1.6377077876545145,298.7299793503972,18,240.27972744525096,37,Female
Google Pixel 5,Android,46.31400270705372,1.4548943748276213,607.4232852966601,9,206.14548508083823,40,Female
OnePlus 9,Android,551.5006147684751,10.056410602788429,2740.782228206123,71,1883.3370423190718,58,Male
iPhone 12,Android,91.15355085588413,2.4414598281918325,642.7368720888697,32,514.0197247946837,54,Male
Samsung Galaxy S21,Android,448.93221970120436,7.891207484328032,1795.6378909209677,60,1309.860254654446,45,Female
iPhone 12,Android,571.9052232802344,7.827918598106521,2810.0557274043063,80,1626.9833566520244,32,Female
Google Pixel 5,Android,525.7017445239434,8.222190153244622,2862.0517430720433,67,2055.793779369615,57,Male
Xiaomi Mi 11,Android,454.7230709393186,7.418049021255817,2408.6970886224453,66,1009.4721430731109,36,Female
Google Pixel 5,Android,147.12211012237884,3.5001126605285786,1073.7950587282094,31,573.2804435981659,51,Male
Google Pixel 5,Android,405.1980540887738,7.629992342250602,2199.0848801979682,64,947.8167104932801,21,Male
Samsung Galaxy S21,iOS,367.9271222997227,7.642070703099536,2462.807092332215,78,1261.957445337263,54,Female
iPhone 12,iOS,441.6307269284565,7.274687401739563,2382.946056329381,72,1456.7879913164584,43,Male
Google Pixel 5,Android,477.83716306625143,10.855503885734857,2758.0901005928026,98,2042.664361358467,41,Female
OnePlus 9,Android,597.4370803538418,7.702453430092829,2732.7964702453423,93,2057.5410473736893,31,Male
Google Pixel 5,Android,262.68452461769374,4.927519348442254,1697.5470703006376,46,797.2889306889805,24,Female
iPhone 12,Android,286.7286118469034,5.411929004476278,1390.5779014778795,47,1033.3651633385039,43,Male
OnePlus 9,Android,109.64878618287864,1.8284207914269586,1065.6545717533718,23,590.7195714461566,29,Male
iPhone 12,Android,97.51070360599495,2.274123870228865,646.8475333319426,24,429.3647987301501,22,Male
Samsung Galaxy S21,iOS,273.37569680891613,4.636008249787654,1328.017517976481,55,735.6599126341318,37,Female
Samsung Galaxy S21,Android,538.3066317885774,12.451670050940365,2795.5917745161105,101,2258.16703823054,47,Female
Samsung Galaxy S21,Android,211.43124037895635,4.619914141564341,1473.836505928879,37,986.5827017888986,29,Male
Google Pixel 5,Android,90.5158301737789,1.428552120845457,422.7186334624813,12,249.49707509373647,42,Female
Google Pixel 5,iOS,29.02027322421086,1.426226913597062,446.71444959360736,11,204.31316902515255,51,Male
iPhone 12,Android,169.34563311277205,3.4394644864450608,725.4247591757556,38,394.44906046645934,37,Male
OnePlus 9,Android,455.5312929669471,6.2084527679655475,2156.93416877035,85,1127.8766375285925,20,Male
Xiaomi Mi 11,iOS,49.38755193224588,1.1797489988475052,529.6730544695163,21,154.01973652001936,55,Female
iPhone 12,Android,190.37254069597412,5.174849553207239,1579.7955449640638,53,746.738901557928,29,Male
OnePlus 9,Android,142.0439136153976,2.875939666535283,1142.931139158675,24,549.435576301114,27,Male
OnePlus 9,Android,88.81466971425534,2.192359333510666,772.5247047850147,39,369.74068078492024,27,Male
Xiaomi Mi 11,Android,103.10990844997475,3.957655633576877,914.4776154027711,31,517.3240189135091,51,Female
Samsung Galaxy S21,Android,101.42984817900161,2.169691123616754,950.8380175977521,39,348.60751946087413,49,Female
Xiaomi Mi 11,Android,507.08782818858623,9.907134361994489,2610.8293528269646,87,2156.267763881806,37,Male
Xiaomi Mi 11,Android,250.96118918599623,5.407443081276871,1303.4266047254703,59,852.3490570139434,20,Male
Xiaomi Mi 11,Android,135.71138265742752,4.151003138340723,1067.3396660011963,32,514.182785577304,59,Male
iPhone 12,Android,528.1762691227128,11.344749010054464,2578.258163874772,102,1836.641263768146,24,Female
Xiaomi Mi 11,Android,47.713346173086286,2.1848767914720617,280.70026829012664,17,111.42010194343736,34,Male
Google Pixel 5,iOS,527.1348933944795,7.674642157005536,2553.3720150369722,103,2321.185960320334,20,Female
Samsung Galaxy S21,iOS,112.45791292215614,3.199581629762215,788.4597518142987,19,500.44648909055996,57,Female
Samsung Galaxy S21,iOS,228.9896212514094,4.037169240591562,1444.8788616293348,52,816.3330120376058,30,Male
iPhone 12,Android,39.2119282412653,1.6878540494112217,444.03031695274433,18,293.6233467168784,51,Female
OnePlus 9,Android,98.97317246222397,2.912979414774246,747.7613736122279,25,366.3080480346004,42,Male
OnePlus 9,iOS,133.73078273674284,4.0869879217524225,989.5351768787302,44,494.6820464173163,23,Male
iPhone 12,Android,239.29573511965054,5.473162591675396,1558.570517620264,61,952.6947493662841,57,Female
Samsung Galaxy S21,Android,231.31354260918377,5.33133247498471,1390.7855906536845,43,807.9014248380565,50,Male
Xiaomi Mi 11,iOS,67.96593550877023,1.1522956657830699,548.7000474644932,18,224.69250676257013,34,Male
OnePlus 9,iOS,223.97666791846308,3.8837971575439076,1644.0708332546074,52,666.6579499818428,24,Female
Samsung Galaxy S21,Android,541.2774414237857,7.9716141201788595,2665.530130762382,90,2535.547941740922,36,Female
Xiaomi Mi 11,Android,389.24504348794767,6.593485903217377,2021.8397467213147,71,1311.9425400272744,56,Male
iPhone 12,Android,510.4743260205099,8.05286517911292,3095.9357166578247,74,1752.643520328488,31,Male
Samsung Galaxy S21,Android,248.23201479009603,4.82366846781801,1727.2342996628518,54,949.1567592363808,29,Female
iPhone 12,iOS,138.50940896546055,3.1704209971007797,567.8488828460046,19,287.9605667480634,42,Female
iPhone 12,Android,34.89595637167295,1.2598871425775855,488.50806179507344,8,154.59327293154354,27,Male
OnePlus 9,Android,172.77557994576316,3.7037393165032113,1144.182264857825,35,447.4048802517266,34,Female
iPhone 12,Android,552.6715433113283,11.932392033521694,3104.0866793577497,84,1914.9957673797412,54,Female
Samsung Galaxy S21,Android,131.16409171547556,3.2719600865972827,704.3980584217142,33,565.9078835351089,53,Male
OnePlus 9,Android,84.96982835035794,1.30335145780098,605.1924612610376,14,174.17529948099605,41,Male
iPhone 12,Android,146.57034727567495,3.9852647121376408,1142.6941373376815,22,366.9763972583442,24,Female
iPhone 12,Android,73.590083237993,1.6847554053938258,434.7827364405754,13,176.34338413505571,32,Female
Google Pixel 5,iOS,66.75004914884599,1.651436605956259,566.4782535121295,12,265.1562612478489,46,Female
Samsung Galaxy S21,iOS,233.23353022782823,5.1485236252111655,1636.0820299455208,60,888.8411384249802,34,Male
OnePlus 9,Android,50.63478588563394,0.9313241473585758,580.3250362408005,10,130.85329541402976,24,Male
Xiaomi Mi 11,Android,185.36728615884203,2.2807737080774815,577.6370275186958,29,503.0140898571594,19,Male
Samsung Galaxy S21,Android,515.873000903613,8.7839352177841,2581.6644722482097,88,1565.3832523047888,57,Female
Google Pixel 5,iOS,115.85255789908679,3.319724059803215,931.756261777608,36,476.4134361062856,35,Female
Xiaomi Mi 11,Android,206.88008263779463,6.182391787049165,1906.8781057392614,55,931.3625747603896,50,Male
Xiaomi Mi 11,iOS,288.0291155227867,4.481047398396825,1838.9799203126752,58,850.2584273258799,30,Female
Xiaomi Mi 11,Android,61.21522327237728,1.3454794285348066,558.463071996322,11,268.10774555978503,34,Female
iPhone 12,Android,291.3089366164912,5.004795160991904,1684.4679484040018,42,676.4356859498665,48,Female
Xiaomi Mi 11,Android,433.7252797175569,7.1124733389488375,2132.1859366685635,65,1075.611949490451,20,Female
iPhone 12,Android,227.84809956183773,4.253936530144149,1537.3490298195352,53,656.345595968353,47,Male
Xiaomi Mi 11,iOS,458.40883221842853,7.408543808815818,1757.9031242331453,57,1149.8253227140062,55,Female
Xiaomi Mi 11,Android,42.77318806502076,1.7119503690772444,521.4241181069104,18,300.2249925522739,55,Female
OnePlus 9,Android,232.62145870411348,4.694109481407315,1429.4337590169384,53,966.9597412349668,59,Male
Google Pixel 5,Android,531.9384668761431,10.278915534804494,2546.789722829201,97,1869.9129865192158,42,Male
Xiaomi Mi 11,Android,147.23958674008261,3.086766268718282,659.1242935917733,33,539.4816406307875,58,Female
Google Pixel 5,Android,300.14968083390846,5.066866052036396,1649.3381176179905,43,750.9500684541129,56,Male
OnePlus 9,Android,223.83279099858848,4.448325022642789,1495.3689813079257,45,761.01520175044,57,Female
Google Pixel 5,Android,441.16783840506906,6.517081145435916,2413.1447298641842,70,1085.4669094817125,32,Female
OnePlus 9,Android,323.0374951525405,6.47794374891145,2119.9660206489193,87,1149.1204136869421,34,Female
iPhone 12,iOS,251.41443771397104,4.434661731192256,1313.05025624592,46,819.7216848179569,25,Male
OnePlus 9,Android,256.2368374171494,4.670866123041838,1723.6570938470165,69,785.2810284699318,49,Male
Google Pixel 5,iOS,174.37850544892586,4.875295582473585,1827.8431572053173,60,850.5240274169944,37,Female
Xiaomi Mi 11,Android,156.70354113198854,2.6288543356427225,940.0616248599365,42,483.1790218623831,27,Male
iPhone 12,Android,489.65273433455855,10.569985136244123,2767.166085531447,86,1959.6822810874817,30,Male
iPhone 12,Android,531.7549126931008,11.919721606332448,2756.178027366444,104,1904.87985497631,27,Female
OnePlus 9,Android,70.21454014795344,1.5510630957893614,493.7947687034573,15,210.6282314056514,27,Male
iPhone 12,Android,484.18500380659464,6.444223729394119,1847.5765376359218,58,1079.6390223935307,22,Female
iPhone 12,Android,72.78193895145657,1.1118992198530724,385.8328710043304,14,324.96991260725724,20,Male
Xiaomi Mi 11,Android,132.23300016141664,3.8524446998944644,684.2145002022385,31,355.7129016130874,34,Male
Samsung Galaxy S21,Android,222.318223781368,4.256710213396021,1604.468137252676,42,791.4012561088687,45,Male
Samsung Galaxy S21,Android,440.8396395727757,7.037878939848588,2014.8207576787336,68,1208.0891672784498,21,Male
Google Pixel 5,Android,635.1737232566154,8.861846036335464,2628.840475153583,91,2147.0097498788673,56,Female
OnePlus 9,iOS,427.846838807976,6.505325845746902,2133.9347291123345,74,1132.2345334866468,31,Male
OnePlus 9,Android,159.33026643101027,3.34297513881501,895.3508224592385,23,519.6365218712174,42,Male
OnePlus 9,Android,87.08649052907059,1.5621896980184813,621.5393481901893,19,181.31229536839888,32,Male
Google Pixel 5,Android,349.7903259859622,6.844137017594636,1733.7664654473162,60,1275.5220898015132,22,Male
Xiaomi Mi 11,Android,101.18388291022094,2.270939921130713,1194.614422961012,23,533.206496509343,56,Female
Google Pixel 5,Android,447.18826333790145,11.558882897334586,2994.3397511945063,78,1938.5149014232302,20,Male
Samsung Galaxy S21,Android,196.27427951640823,5.109995794586619,1467.0452460271688,50,821.9202132602751,34,Female
iPhone 12,Android,97.51965027064098,2.7166430983194894,828.3967083903392,43,380.98370338830625,45,Male
Xiaomi Mi 11,Android,262.03551675616575,4.30854779315332,1223.2580268185,54,949.6237690585746,51,Male
Samsung Galaxy S21,iOS,153.0931519248319,3.935311145656705,1006.217253782722,31,535.3184044029659,29,Female
iPhone 12,Android,63.56687980967983,1.2249752501761813,336.7274500935884,12,175.67785717844913,19,Female
iPhone 12,Android,444.2095786845871,7.532627517129823,1885.0104699355454,84,1287.5926023704833,20,Female
OnePlus 9,Android,616.6682746212759,8.328463515613414,2804.812814592086,105,2384.1480063978383,30,Male
OnePlus 9,Android,197.5471457617876,5.246280752625857,1395.4722404739487,44,941.6284783890444,50,Female
iPhone 12,Android,539.6252367128261,8.036530033958623,2590.259668684291,83,2467.934056118249,45,Male
Samsung Galaxy S21,Android,369.77320708101513,6.451715504882901,2360.651579106774,76,1395.313818071576,21,Female
OnePlus 9,iOS,248.76724979173414,5.028565418445647,1487.8314383710747,50,920.2276336739491,49,Female
Google Pixel 5,Android,32.55644547783142,1.9380252294603901,302.9288655150666,13,187.76696084292732,41,Male
iPhone 12,Android,277.52342777699596,5.328965958642616,1677.7467518975861,49,781.1859645347931,22,Male
iPhone 12,Android,474.2428060329648,10.124780727286495,2577.228520841029,73,1818.6768541350164,51,Female
Samsung Galaxy S21,Android,240.30394368037432,5.29981216112396,1655.1805188960539,57,952.0545423311183,32,Female
Samsung Galaxy S21,Android,612.7372597660565,10.037806315684751,3012.346731981023,85,1612.3728043556744,45,Female
Xiaomi Mi 11,Android,32.83438105350414,1.6803064106243462,407.01188277840265,18,262.7574247128027,38,Female
Google Pixel 5,Android,117.18076940718966,3.5847168020828835,1047.4502364272885,35,521.5952134532107,54,Male
Xiaomi Mi 11,Android,438.7501123149309,6.93791054417252,1975.3758953746642,71,1595.7583907714973,29,Female
Xiaomi Mi 11,iOS,133.6165891233983,2.4121185326063705,1263.5849889937824,27,582.7467946218894,44,Male
iPhone 12,Android,114.67223024058994,3.459819854359217,864.528947868129,39,539.9370598833699,31,Male
Xiaomi Mi 11,iOS,61.66965984704612,1.1111367668104657,602.0846776215295,18,203.1727194309169,58,Male
Xiaomi Mi 11,iOS,587.4212965854954,8.73165934767084,2910.5050091146404,86,1703.2251278418032,59,Female
Samsung Galaxy S21,Android,118.34021259075018,2.0582384356193693,1059.1813563043204,19,406.3892645925957,34,Male
Xiaomi Mi 11,Android,325.5500763989822,6.365042721224366,2159.5389985334527,80,1533.670578589198,53,Female
Xiaomi Mi 11,iOS,68.2370504342108,1.079476208344217,493.6613351286544,15,270.1820791276556,44,Female
Xiaomi Mi 11,Android,475.1276459777331,6.822090638432286,1664.474896125745,56,1045.719748284557,41,Male
Google Pixel 5,Android,524.8095628266833,10.78494810658338,2779.9315118310124,92,2674.3525592056453,50,Female
Samsung Galaxy S21,Android,279.2636351726416,5.09092472307161,1255.4938250296311,38,815.2245686305481,55,Male
Xiaomi Mi 11,iOS,220.92372726986756,4.688437585694398,1553.0903070600743,62,617.5536224439336,45,Female
Samsung Galaxy S21,Android,104.90698450246202,2.2775479529398495,736.2579987778885,29,346.6803354531879,49,Male
iPhone 12,iOS,43.79337832221747,1.2766863281269731,486.7405629747056,11,134.85209927281136,59,Male
Google Pixel 5,iOS,182.09098182989948,3.2034380609142774,790.8916421178852,32,334.63260335830563,39,Female
Samsung Galaxy S21,Android,233.29692624363517,4.908150049272025,1714.2208693878222,46,853.5206634140081,56,Male
OnePlus 9,Android,548.272886987428,10.755267121518811,2719.330353801848,76,2672.136985650848,22,Female
iPhone 12,Android,307.91186141784897,7.662993580993202,1890.2656689777646,63,1107.6625052447926,21,Female
Samsung Galaxy S21,iOS,442.33686143449637,6.384908599486227,2268.3583894828917,66,1143.5515496994706,29,Male
iPhone 12,Android,175.75766609037242,4.26945854976426,1382.3977290219302,53,917.3039401415663,51,Female
Xiaomi Mi 11,Android,384.0682417044408,5.958658837693692,2162.750607161678,72,1420.031890047546,32,Female
iPhone 12,Android,129.49695042371306,3.0702237194537756,938.799825062411,25,540.4206201476803,42,Female
OnePlus 9,Android,267.2628327714039,6.477151573536528,1502.9848153992368,43,859.899623228679,34,Male
Google Pixel 5,Android,623.5164267069591,10.959299699048799,2896.343969111954,72,2426.062352808661,47,Female
iPhone 12,Android,579.8835398684548,10.121052517982731,2398.184260210973,116,2282.9908321062394,34,Female
Google Pixel 5,Android,613.8606721446885,8.590265755077791,2772.4227490481057,80,1812.5266223886583,19,Male
Google Pixel 5,Android,570.002766443274,10.582907330274764,2979.705623985373,78,2282.0343878909857,23,Female
Xiaomi Mi 11,Android,158.7581806769359,2.3013513251610966,779.0740552680586,22,537.6891638254145,48,Female
Samsung Galaxy S21,Android,237.29640011050057,5.204530094672767,1248.745091968969,46,646.1348255103296,41,Female
Samsung Galaxy S21,Android,278.8883045502421,5.958555260914892,1756.2292514103162,45,621.0833370586467,55,Male
iPhone 12,Android,501.2575112592061,10.257908343368106,2887.5860260283484,78,1745.3418809907103,51,Female
Samsung Galaxy S21,Android,49.137585138644454,2.1015882535973085,388.1077718772711,16,177.6993375634352,23,Female
iPhone 12,Android,227.06666544381488,4.269424311897655,1586.477198747323,45,1046.3650091263412,32,Female
Samsung Galaxy S21,Android,140.12464797788732,2.588008238490011,610.1259852143181,30,357.11442646640637,30,Male
Google Pixel 5,Android,415.71010588424673,6.507900896164319,2270.2656328993403,86,1336.5989137463046,57,Male
iPhone 12,Android,177.39149459172424,4.029896275006722,1006.602487576857,37,546.3669871751255,42,Female
OnePlus 9,Android,462.38168862551686,6.539347732374763,2078.968654280892,82,1159.5062800961816,18,Male
Google Pixel 5,Android,156.3453467722243,2.597008199830241,1180.300720848259,30,386.4898986727787,39,Male
OnePlus 9,Android,178.55429455153538,3.614468315910104,644.2826233687914,24,557.4543798111707,39,Male
OnePlus 9,Android,418.11125637765025,7.2013637796911905,2263.4897066623007,74,1226.2813026184788,22,Male
iPhone 12,Android,394.8337586782703,6.433909685671755,2340.2250851195054,49,1337.1453793692551,43,Male
Google Pixel 5,Android,218.4624020171215,4.504070045506625,1756.2044637181539,39,1001.3391500677631,42,Male
Samsung Galaxy S21,iOS,130.80391716107312,3.496461638782229,605.6684454460956,22,359.8616102293721,51,Female
OnePlus 9,Android,215.27070588503173,4.195211531382386,1501.5403470520098,43,585.2106140455967,30,Female
Google Pixel 5,Android,384.5445954148628,8.327662034004572,2112.2675165576006,65,1130.6247536182223,52,Female
iPhone 12,Android,575.6827653867185,10.620113441163873,3174.2046525978876,94,1938.8315899582788,55,Female
iPhone 12,Android,376.11298618319364,6.080909524682622,2387.8048136786674,57,1092.953905612479,51,Male
OnePlus 9,Android,118.96846329830979,1.9813094905272357,1202.5594405589775,17,534.6335434505444,57,Female
iPhone 12,Android,72.30135698835383,1.5301016575918607,544.7955078815421,17,269.43054487861286,40,Female
Samsung Galaxy S21,Android,46.18678106572651,1.4773988349202547,414.6700768197511,10,244.56401160312055,38,Female
Samsung Galaxy S21,Android,269.209798904908,4.077978799714587,1345.364886218441,56,873.5617644360032,45,Male
Google Pixel 5,Android,57.46732608597655,1.2746966826341044,466.92539354620544,17,316.4923011693975,27,Female
iPhone 12,Android,115.63881560881056,3.8610665467003797,1183.3693583064123,27,484.61269477839534,58,Male
iPhone 12,Android,82.38161524543023,1.8476392986802765,333.0584958206812,14,227.17761497561514,44,Male
Samsung Galaxy S21,Android,293.07831866560304,5.659681273386307,1383.7741370810095,41,748.7883705762702,18,Male
Xiaomi Mi 11,Android,370.6847183924889,6.770685856132491,2214.797224150214,66,1328.9679460483069,47,Female
Xiaomi Mi 11,Android,468.5308740859575,7.72428441405806,1983.4659684417863,86,1284.285547829117,25,Female
Google Pixel 5,Android,432.77617804049726,6.341398221859689,2161.384059118659,77,1076.499610982051,51,Male
iPhone 12,Android,215.7953717683315,5.495021591714924,1805.3603756697335,37,791.5673891139676,54,Female
Samsung Galaxy S21,Android,527.059763354923,9.129140453764169,2928.0625666793662,78,2247.545610313535,34,Male
Google Pixel 5,Android,512.5949853965658,9.844913209108942,2719.172430454081,100,2298.8945538656335,18,Female
iPhone 12,iOS,98.09005187321762,3.308060961907496,581.5135089232692,28,425.8971246947602,56,Male
Google Pixel 5,Android,530.9031529915379,11.200396947599007,2834.7632375401386,89,1732.321323479007,18,Male
Samsung Galaxy S21,Android,355.7381441540336,7.39374035106769,2378.4106805615625,74,1356.4460100554475,23,Female
iPhone 12,Android,262.7282365627635,5.662188271351913,1557.9876223161948,55,942.924111922053,18,Female
OnePlus 9,Android,49.17248262864744,1.088464435186871,556.615589365869,17,123.86311454746385,39,Female
OnePlus 9,Android,541.2764476893263,9.254834190407003,2362.2246100857374,68,1716.8888318150064,55,Female
OnePlus 9,Android,150.36471806818778,2.7164564782518186,628.4922804182523,35,403.97365133367833,42,Female
Samsung Galaxy S21,Android,194.2348783186694,5.867448569975703,1321.5556704813714,55,1089.6718978261624,54,Female
OnePlus 9,iOS,72.66333171043904,1.9686543969102988,516.2585124911221,8,118.73163853161424,27,Male
Samsung Galaxy S21,Android,70.23164570128985,1.1736786184584342,517.8134231861486,18,191.431465660363,19,Male
Google Pixel 5,Android,140.88810276404732,3.2901211901834486,1253.9905993127197,24,514.9175029623057,25,Male
iPhone 12,Android,206.05872298703204,4.250082742679651,1582.251746481797,41,579.826764362769,49,Male
Samsung Galaxy S21,Android,350.8458936507872,6.375829266058326,2153.1862147040756,61,1068.370036817358,42,Male
Xiaomi Mi 11,Android,403.39681355710906,7.654226363879767,2172.408231075354,80,1150.2167058283515,30,Female
Samsung Galaxy S21,iOS,105.65051769117558,3.4251488621700443,627.2541771454964,29,499.11440144196104,44,Female
OnePlus 9,Android,158.4665243173401,3.819637076606198,653.4871340597401,36,615.6038229672797,25,Female
Xiaomi Mi 11,iOS,599.2081291272975,11.302325537657167,2616.652680074602,80,2510.894103220617,34,Female
iPhone 12,Android,373.76024070513074,7.625379300820421,1813.029805060579,70,990.7517509361347,56,Male
Samsung Galaxy S21,Android,224.44602343166116,4.054345244291354,1624.5601108944347,45,678.625284232058,53,Male
OnePlus 9,Android,404.3771526575087,6.449333573582162,1955.8762306693873,60,1554.0597301399523,21,Female
iPhone 12,Android,537.7095368683626,11.457001467333134,2468.292754773054,95,1860.2214589042555,52,Female
Samsung Galaxy S21,Android,529.4934276672153,11.394089628412972,2693.9730971000126,96,2372.1575567809796,19,Male
Xiaomi Mi 11,Android,146.10218892159955,2.442052656022907,766.3755581161497,33,314.21649272955455,43,Male
Google Pixel 5,Android,112.33452409505806,2.7336397849148932,1097.1418590661142,32,557.648261499257,39,Male
OnePlus 9,Android,204.88568136486512,4.388882932682557,1462.2217802992209,45,841.2032533557057,59,Female
Google Pixel 5,iOS,308.68739177184995,5.888003334532759,2264.6186106086766,65,1323.8504366297132,46,Male
Xiaomi Mi 11,Android,75.06890801189246,1.1660612202072531,551.7879486679732,17,272.35875467534584,38,Female
iPhone 12,Android,133.226589957971,3.266797985080145,903.1753490723846,28,341.8794530914952,30,Male
Xiaomi Mi 11,Android,146.57373603341455,1.9960556538688572,633.4263528672493,26,429.493014316283,27,Male
Google Pixel 5,Android,174.46964427222957,5.429561357252911,1287.7325793289758,38,933.3503424337524,52,Male
iPhone 12,Android,413.8561787484428,5.828938351317165,1886.4103565314892,64,1108.8218484220513,26,Female
Samsung Galaxy S21,Android,574.0816373015668,9.362150707937573,2558.6099593657955,69,2296.655856633186,32,Female
Xiaomi Mi 11,iOS,206.30875503811794,4.225366457100154,1352.2158204862546,60,792.7296971682991,47,Male
OnePlus 9,Android,241.5405043279255,4.869586632530496,1443.2105436160034,58,1001.6142057029421,48,Male
OnePlus 9,Android,580.2615189700563,8.687536665186451,3063.472218727181,109,1909.7330817679347,34,Female
iPhone 12,Android,479.62026948287735,9.768731987704166,2836.3096958747087,84,1638.1738838278109,27,Female
Google Pixel 5,iOS,59.687651810208195,1.4285120034280994,513.0278466994322,15,136.4306228125923,34,Male
Samsung Galaxy S21,Android,537.0418322026663,10.368939359685422,2831.799172964002,95,2369.4369714910654,43,Female
iPhone 12,Android,50.63471029826104,0.998776702345481,414.1762990817896,13,160.418255817946,36,Male
iPhone 12,Android,109.48992751202262,3.9055770436679094,1219.7934045106563,25,514.47706678825,55,Female
Xiaomi Mi 11,Android,112.43517386782761,3.4689011494539965,596.4448628896457,38,443.56561311719213,38,Male
Xiaomi Mi 11,Android,294.40033660701783,5.934520201835284,1366.6486123245807,58,762.173332916243,37,Female
OnePlus 9,iOS,206.61591422642587,5.2258896342668395,1330.5363794963448,52,1024.830983337752,50,Male
iPhone 12,Android,372.7604713003094,6.829344900202275,1835.0805009742116,69,1133.5680014561738,50,Male
iPhone 12,iOS,303.0435016139492,4.492910928089576,1491.4181537551597,57,786.3349140276921,50,Female
Samsung Galaxy S21,Android,235.94953193257263,4.735487482841918,1356.5307015003887,46,972.6315234648486,54,Male
iPhone 12,iOS,66.86640404327126,1.7483991450636136,335.51191829405786,14,290.6547308633064,58,Male
Google Pixel 5,iOS,465.0092206029633,7.091443153859838,2350.3290678570215,57,1097.6398979884016,52,Female
Samsung Galaxy S21,Android,41.74790867980366,1.7921602690013914,421.7017045720584,12,267.48990540415053,53,Male
Xiaomi Mi 11,iOS,33.106887609841614,1.639345099684415,304.5704893589289,15,251.16421598429974,55,Male
iPhone 12,Android,54.626743050432005,1.7856442328630142,297.0662755807676,10,204.67872375654298,39,Male
iPhone 12,iOS,220.82213628776452,4.687632133008455,1743.8620794271708,58,673.0534133805179,57,Male
OnePlus 9,Android,217.09913050169746,5.636429961496256,1378.0296722096746,43,872.5747640593983,54,Male
Xiaomi Mi 11,iOS,46.57133899055636,1.1931343171745536,435.0224974380526,15,248.7601620924298,54,Male
iPhone 12,Android,477.5023360498559,6.045828979431676,1903.7722879653666,58,931.1578052706989,32,Female
Samsung Galaxy S21,iOS,91.2167792378304,3.001994558104573,1176.0627898066582,39,445.7702321277894,55,Male
OnePlus 9,Android,201.90838428728628,5.4771200966330555,1530.3425678901338,47,1072.6393512218808,21,Female
OnePlus 9,Android,483.9474755616732,10.370351443710106,2762.6787702444476,71,2066.794529730159,22,Male
iPhone 12,iOS,141.06204612003006,3.125189369993876,1248.0522819527143,29,335.9487054063013,25,Female
Google Pixel 5,Android,332.10868078780163,6.832623663582639,1920.2652843848427,56,1333.1266663490605,56,Female
iPhone 12,Android,98.72726504526793,3.7069305100596495,1310.652690283053,45,396.5137331597491,42,Male
Samsung Galaxy S21,Android,484.13422891610566,10.187263857022439,2321.92237852315,81,1751.990819601825,24,Male
Google Pixel 5,iOS,75.43631947552825,1.100711784808444,590.8641388027055,11,262.0349779801924,21,Male
OnePlus 9,Android,387.43046741572994,5.5978595069186055,2220.0460006905164,56,1086.870472540428,28,Female
Google Pixel 5,Android,518.8663892578096,10.706704023725617,2713.5999069452246,100,2206.8144402878306,39,Male
Samsung Galaxy S21,iOS,60.15230030203458,1.6990324038491151,350.67112779482375,9,251.46550409636737,27,Female
Google Pixel 5,iOS,52.911302215984165,1.385975506842831,411.2282772288439,14,265.48865674399127,19,Female
iPhone 12,iOS,453.0343915906929,7.965227324874287,2579.136956898256,77,1536.6851276950415,31,Male
Xiaomi Mi 11,Android,111.25849505212562,2.9705462135842993,678.8886252979872,39,547.0257030448203,27,Female
Xiaomi Mi 11,Android,191.949001156894,4.523775648143226,1610.368522794787,48,872.8860857284333,54,Female
iPhone 12,Android,175.78766715133193,2.832686889512229,1258.2415637521535,19,312.97294687401416,37,Male
Xiaomi Mi 11,iOS,82.08900173917607,1.3475945712704518,333.04756470142183,16,192.06125226307105,50,Male
Samsung Galaxy S21,iOS,65.4263063800162,1.4484728448277198,553.299994924515,18,306.22066134240924,53,Female
Google Pixel 5,Android,364.50862267399776,6.019419175747331,2477.9898299696033,74,1248.792613003821,23,Male
OnePlus 9,Android,199.4656384951284,4.888576727672968,1682.3343254694596,52,779.6622999562575,47,Male
Samsung Galaxy S21,Android,159.37900535792053,2.1761252104256275,1058.4319243684467,39,343.0782221015962,22,Female
Google Pixel 5,Android,66.91603949796273,1.676041391942398,549.1854815286345,10,152.3801824097572,35,Female
Google Pixel 5,Android,219.11969999113953,4.997753193490084,1731.275745399043,50,660.8668594851275,55,Female
OnePlus 9,Android,45.25292864297008,1.3030480534697277,389.87820880648394,19,151.35935585693483,23,Female
Google Pixel 5,Android,598.1923332484705,11.424358341028528,2636.966591155306,84,1574.108906174922,26,Female
Xiaomi Mi 11,Android,107.02033782226373,3.6048142402919496,1026.0746914790027,30,528.7584828666932,40,Male
Samsung Galaxy S21,Android,267.30414609867523,6.061967586428172,1576.4358464463164,56,663.275545756724,56,Male
OnePlus 9,Android,305.5752592055618,5.168564468609254,1338.8861564532456,59,913.3864285641674,29,Female
OnePlus 9,iOS,454.1887675130773,6.506936463444725,2481.0941701648962,65,1154.9608762891583,51,Male
OnePlus 9,Android,459.66423738535406,9.915253914109567,2623.4390409622456,80,2264.449578734092,31,Female
iPhone 12,iOS,47.88286771886281,1.3553044510870533,414.89455921617565,10,150.77403095237437,59,Female
OnePlus 9,Android,144.81476612121176,3.006263627227593,921.1967339904118,33,543.0100093184535,21,Male
OnePlus 9,Android,131.90024092515606,3.1571640979958797,1204.9578065478984,34,476.2582949274301,50,Female
OnePlus 9,Android,450.03933636253464,7.025011823382157,1833.7987009958686,93,1279.0587208652178,29,Male
iPhone 12,Android,514.2696641337996,10.404920716300794,2785.1173779215196,67,1870.8655148123928,46,Male
Samsung Galaxy S21,Android,197.24441708645867,5.7862697655399264,1500.1697858267878,44,620.2326485210192,34,Female
Xiaomi Mi 11,iOS,561.8993159379202,11.097241510910171,3047.8377732077083,78,2015.2877704120262,58,Male
Xiaomi Mi 11,Android,218.10135942117105,5.710445296094467,1651.359959121287,54,674.5799218697856,23,Female
OnePlus 9,Android,178.042716142016,2.5838438317911927,1015.3099438372924,42,302.1600895267748,37,Female
Google Pixel 5,Android,146.20527558794495,3.069383224992258,662.6610684021879,34,311.40901299762066,46,Female
Google Pixel 5,iOS,83.4841352268869,1.6569884962152543,416.6191437626206,13,236.27531348255937,50,Female
OnePlus 9,Android,478.2806796992848,7.751941509120323,1822.8907017691668,57,1170.5649768620121,41,Male
Xiaomi Mi 11,Android,516.8469688685087,10.724458053317699,3180.446134831559,86,2284.127231165562,51,Female
Samsung Galaxy S21,Android,34.94420663863592,1.529154525502554,478.49182213863844,20,195.02109626364438,21,Female
Google Pixel 5,Android,551.8525078745364,11.896427098207193,2515.067594622561,89,1903.0882519204804,50,Female
Xiaomi Mi 11,Android,85.76841328461184,1.6331987351584578,573.8438909108573,18,171.8398980691388,57,Male
iPhone 12,Android,141.42457375336033,4.1607436401793905,639.6078641466486,31,580.072481374699,28,Male
Xiaomi Mi 11,Android,124.40544740723976,3.7679512658545957,727.8024111171494,24,502.2958282176717,18,Male
iPhone 12,Android,323.28469696069703,4.438865683174128,1626.320629172359,65,777.4616828782684,59,Male
iPhone 12,iOS,32.78811290381375,1.7130457930898226,332.64226250743025,16,123.80595820715351,42,Male
Google Pixel 5,Android,325.9118300067444,6.322048669336374,2055.649587383735,78,1163.2369088563519,51,Female
Google Pixel 5,Android,392.7181898860237,7.841977681284365,2582.468363362966,76,1189.5559531843528,46,Female
iPhone 12,Android,171.09377238303676,5.590237273715175,1762.496129418284,67,867.8150562376246,19,Male
OnePlus 9,Android,74.57484478410892,1.5703002212115142,339.79272862763224,11,219.09014208997823,23,Female
Samsung Galaxy S21,Android,219.9423539757339,4.388441777569414,1107.6420784459863,41,742.3840076893249,40,Female
OnePlus 9,Android,453.1226674816004,7.046629622277283,1782.3431407536993,80,1418.832570129831,45,Female
iPhone 12,Android,350.14040488030236,7.415132863157904,2005.8147579018816,73,1038.0734774961004,45,Male
OnePlus 9,Android,376.2536722359678,6.7239239058035665,2095.171396829519,53,1262.6701986190765,22,Female
Xiaomi Mi 11,Android,286.9743743468214,4.822021373561438,1519.4093629598005,59,747.7850652084304,22,Male
iPhone 12,Android,514.9634662749995,9.686493677657209,2516.8223173743213,100,1623.4454665134579,18,Female
OnePlus 9,Android,206.19126511393736,5.537989982616671,1371.703869076725,55,743.573633618069,23,Female
Xiaomi Mi 11,Android,185.47298578398969,3.9968457820903427,808.5260167526147,37,536.7235144214399,44,Male
Xiaomi Mi 11,Android,409.62551583419196,7.039458069870035,1971.2430258705874,90,1417.8324925151692,28,Female
Xiaomi Mi 11,Android,473.72890135362906,9.208901864750423,2761.7667300573244,81,1608.8154926309562,22,Male
Xiaomi Mi 11,Android,598.9310195934706,9.724874589986007,2341.4094249522423,80,1912.060851408021,43,Female
OnePlus 9,Android,100.13328263323648,3.58811161853828,1048.8491592753112,30,404.4959733099023,30,Female
Xiaomi Mi 11,Android,294.3714513717691,7.004056461475675,2091.906375278113,59,1270.9554019018778,20,Male
Samsung Galaxy S21,Android,90.06736800401073,2.9003648982396175,884.127820665601,21,491.5578720198476,45,Female
iPhone 12,Android,62.38411723128791,1.5879873372263547,396.3252562329853,14,241.47568062686722,41,Female
Xiaomi Mi 11,iOS,214.19763857250717,5.010050745340511,1322.3916396222712,43,758.5286083475398,25,Female
